arbys,
au bon pain,
auntie annes,
bahama bucks,
baja fresh,
baskin robbins,
ben jerrys,
biggby coffee,
blaze pizza,
blimpie,
bobbys burger palace,
bojangles,
boston market,
braums,
brueggers bagels,
brusters,
burger 21,
burger king,
burgerfi,
burgerville,
cafe rio,
capriottis,
captain ds,
caribou coffee,
hardees carls jr,
carvel,
checkers rallys,
cherry berry,
chick fil a,
chicken express,
chicken salad chick,
chipotle,
churchs chicken,
cinnabon,
cold stone creamery,
cookout,
corner bakery,
cosi,
costa vida,
culvers,
dairy queen,
del taco,
dominos,
donatos pizza,
dunkin donuts,
dutch bros,
el pollo loco,
elevation burger,
farmer boys,
fatburger,
fazolis,
firehouse subs,
five guys,
flame broiler,
foxs pizza,
freddys,
freebirds,
freshii,
fuddruckers,
gigis cupcakes,
godfathers pizza,
golden chick,
the habit burger,
hardees carls jr,
hopdoddy,
hungry howies,
imos,
in n out,
jack in the box,
jamba juice,
jasons deli,
jets pizza,
jersey mikes subs,
jimmy johns,
johnny rockets,
kfc,
kona ice,
krispy kreme,
krystal,
lees famous recipe chicken,
lions choice,
little caesars,
long john silvers,
lyfe kitchen,
marble slab creamery,
marcos pizza,
mcalisters deli,
mcdonalds,
menchies,
moes,
mooyah,
mountain mikes pizza,
noodles company,
nothing bundt cakes,
oberweis,
orange leaf,
pancheros,
panda express,
panera bread,
papa johns,
papa murphys,
pdq,
penn station,
peter piper pizza,
philly connection,
philly pretzel factory,
pie five,
pieology,
pinkberry,
pita pit,
pizza factory,
pizza hut,
pizza inn,
pizza patron,
pizza ranch,
pizzarev,
planet smoothie,
pollo tropical,
popeyes,
potbelly,
primo hoagies,
project pie,
qdoba,
quiznos,
raising canes,
checkers rallys,
red mango,
robeks,
round table pizza,
rubios,
saladworks,
sbarro,
schlotzskys,
shake shack,
sheetz,
smashburger,
smoothie king,
sonic,
starbucks,
steak n shake,
sub zero ice cream,
subway,
sweet frog,
sweetgreen,
taco bell,
taco bueno,
taco cabana,
taco casa,
taco johns,
taco time,
tcby,
tim hortons,
toppers pizza,
togos,
tropical smoothie,
tutti frutti,
waba grill,
wawa,
wendys,
whataburger,
which wich,
white castle,
wienerschnitzel,
wingstop,
yogurtland,
zaxbys,
zoes kitchen,
zoup
